{
    "name": "All Requests",
    "numberOfRequests": {
        "total": 236,
        "ok": 54,
        "ko": 182
    },
    "minResponseTime": {
        "total": 37,
        "ok": 37,
        "ko": 348
    },
    "maxResponseTime": {
        "total": 34814,
        "ok": 34814,
        "ko": 30419
    },
    "meanResponseTime": {
        "total": 14225,
        "ok": 5900,
        "ko": 16696
    },
    "standardDeviation": {
        "total": 14204,
        "ok": 12921,
        "ko": 13617
    },
    "percentiles1": {
        "total": 4581,
        "ok": 56,
        "ko": 17506
    },
    "percentiles2": {
        "total": 30323,
        "ok": 381,
        "ko": 30334
    },
    "percentiles3": {
        "total": 30412,
        "ok": 34789,
        "ko": 30392
    },
    "percentiles4": {
        "total": 34790,
        "ok": 34802,
        "ko": 30417
    },
    "group1": {
    "name": "t < 800 ms",
    "htmlName": "t < 800 ms",
    "count": 45,
    "percentage": 19.06779661016949
},
    "group2": {
    "name": "800 ms <= t < 1200 ms",
    "htmlName": "t >= 800 ms <br> t < 1200 ms",
    "count": 0,
    "percentage": 0.0
},
    "group3": {
    "name": "t >= 1200 ms",
    "htmlName": "t >= 1200 ms",
    "count": 9,
    "percentage": 3.8135593220338984
},
    "group4": {
    "name": "failed",
    "htmlName": "failed",
    "count": 182,
    "percentage": 77.11864406779661
},
    "meanNumberOfRequestsPerSecond": {
        "total": 6.2105263157894735,
        "ok": 1.4210526315789473,
        "ko": 4.7894736842105265
    }
}