{
    "name": "All Requests",
    "numberOfRequests": {
        "total": 56,
        "ok": 54,
        "ko": 2
    },
    "minResponseTime": {
        "total": 40,
        "ok": 40,
        "ko": 191
    },
    "maxResponseTime": {
        "total": 30198,
        "ok": 30198,
        "ko": 30174
    },
    "meanResponseTime": {
        "total": 5463,
        "ok": 5103,
        "ko": 15183
    },
    "standardDeviation": {
        "total": 11532,
        "ok": 11223,
        "ko": 14992
    },
    "percentiles1": {
        "total": 66,
        "ok": 61,
        "ko": 15183
    },
    "percentiles2": {
        "total": 211,
        "ok": 211,
        "ko": 22678
    },
    "percentiles3": {
        "total": 30198,
        "ok": 30198,
        "ko": 28675
    },
    "percentiles4": {
        "total": 30198,
        "ok": 30198,
        "ko": 29874
    },
    "group1": {
    "name": "t < 800 ms",
    "htmlName": "t < 800 ms",
    "count": 45,
    "percentage": 80.35714285714286
},
    "group2": {
    "name": "800 ms <= t < 1200 ms",
    "htmlName": "t >= 800 ms <br> t < 1200 ms",
    "count": 0,
    "percentage": 0.0
},
    "group3": {
    "name": "t >= 1200 ms",
    "htmlName": "t >= 1200 ms",
    "count": 9,
    "percentage": 16.071428571428573
},
    "group4": {
    "name": "failed",
    "htmlName": "failed",
    "count": 2,
    "percentage": 3.571428571428571
},
    "meanNumberOfRequestsPerSecond": {
        "total": 1.696969696969697,
        "ok": 1.6363636363636365,
        "ko": 0.06060606060606061
    }
}